{
	"file_path": "C:\\Users\\leegm\\AppData\\Local\\Packages\\Microsoft.MinecraftUWP_8wekyb3d8bbwe\\LocalState\\games\\com.mojang\\development_resource_packs\\minyee's test pack\\animation_controllers\\player.animation_controllers.json",
	"file_type": "rp_animation_controller",
	"format_version": 1,
	"file_uuid": "9e366bab_a5fb_45a3_bcfc_2f24ab25fafb",
	"file_version": 1,
	"cache_content": {
		"children": [
			{
				"data": "1.10.0",
				"key": "format_version"
			},
			{
				"open": {
					"format_version": "1.10.0",
					"animation_controllers": {
						"controller.animation.player.crossbow": {
							"initial_state": "default",
							"states": {
								"charge": {
									"animations": [
										"third_person_crossbow_equipped"
									],
									"transitions": [
										{
											"default": "query.get_equipped_item_name != 'crossbow' || (query.item_remaining_use_duration <= 0.0 && !query.item_is_charged)"
										},
										{
											"hold": "query.item_is_charged"
										}
									]
								},
								"default": {
									"transitions": [
										{
											"hold": "query.item_is_charged"
										},
										{
											"charge": "query.item_remaining_use_duration > 0.0"
										}
									]
								},
								"hold": {
									"animations": [
										"crossbow_hold"
									],
									"transitions": [
										{
											"default": "query.get_equipped_item_name != 'crossbow' || (query.item_remaining_use_duration <= 0.0 && !query.item_is_charged)"
										},
										{
											"charge": "query.item_remaining_use_duration > 0.0"
										}
									]
								}
							}
						},
						"controller.animation.player.first_person_attack": {
							"initial_state": "default",
							"states": {
								"default": {
									"animations": [
										"first_person_attack_rotation"
									],
									"transitions": [
										{
											"vr_attack": "variable.is_using_vr"
										}
									]
								},
								"vr_attack": {
									"animations": [
										"first_person_vr_attack_rotation"
									],
									"transitions": [
										{
											"default": "!variable.is_using_vr"
										}
									]
								}
							}
						},
						"controller.animation.player.first_person_map": {
							"initial_state": "default",
							"states": {
								"default": {
									"transitions": [
										{
											"one_hand": "query.get_equipped_item_name('off_hand') == 'map' || query.get_equipped_item_name('off_hand') == 'shield'"
										},
										{
											"two_hand": "query.get_equipped_item_name('off_hand') != 'map' && query.get_equipped_item_name('off_hand') != 'shield'"
										}
									]
								},
								"one_hand": {
									"animations": [
										{
											"first_person_map_hold_main_hand": "query.get_equipped_item_name(0, 1) == 'map'"
										},
										{
											"first_person_map_hold_off_hand": "query.get_equipped_item_name('off_hand') == 'map' && (query.get_equipped_item_name == 'bow' ? !(variable.item_use_normalized > 0 && variable.item_use_normalized < 1.0) : 1.0)"
										}
									],
									"transitions": [
										{
											"default": "query.get_equipped_item_name(0, 1) != 'map' && query.get_equipped_item_name('off_hand') != 'map'"
										},
										{
											"two_hand": "query.get_equipped_item_name('off_hand') != 'map' && query.get_equipped_item_name('off_hand') != 'shield'"
										}
									]
								},
								"two_hand": {
									"animations": [
										"first_person_map_hold",
										"first_person_map_hold_attack"
									],
									"transitions": [
										{
											"default": "query.get_equipped_item_name(0, 1) != 'map' && query.get_equipped_item_name('off_hand') != 'map'"
										},
										{
											"one_hand": "query.get_equipped_item_name('off_hand') == 'map' || query.get_equipped_item_name('off_hand') == 'shield'"
										}
									]
								}
							}
						},
						"controller.animation.player.hudplayer": {
							"initial_state": "default",
							"states": {
								"default": {
									"animations": [
										"humanoid_base_pose",
										{
											"look_at_target": "!query.is_sleeping && !query.is_emoting"
										},
										"move.arms",
										"move.legs",
										"cape",
										{
											"riding.arms": "query.is_riding"
										},
										{
											"riding.legs": "query.is_riding"
										},
										"holding",
										{
											"brandish_spear": "variable.is_brandishing_spear"
										},
										{
											"charging": "query.is_charging"
										},
										{
											"sneaking": "query.is_sneaking && !query.is_sleeping"
										},
										"bob",
										{
											"damage_nearby_mobs": "variable.damage_nearby_mobs"
										},
										{
											"bow_and_arrow": "query.has_target"
										},
										{
											"swimming": "variable.swim_amount > 0.0"
										},
										{
											"swimming.legs": "variable.swim_amount > 0.0"
										},
										{
											"use_item_progress": "( variable.use_item_interval_progress > 0.0 ) || ( variable.use_item_startup_progress > 0.0 ) && !variable.is_brandishing_spear"
										},
										{
											"sleeping": "query.is_sleeping && query.is_alive"
										},
										{
											"attack.positions": "variable.attack_time >= 0.0"
										},
										{
											"attack.rotations": "variable.attack_time >= 0.0"
										},
										{
											"shield_block_main_hand": "query.blocking && query.get_equipped_item_name('off_hand') != 'shield' && query.get_equipped_item_name == 'shield'"
										},
										{
											"shield_block_off_hand": "query.blocking && query.get_equipped_item_name('off_hand') == 'shield' && !(variable.item_use_normalized > 0 && variable.item_use_normalized < 1.0)"
										},
										{
											"crossbow_controller": "query.get_equipped_item_name == 'crossbow'"
										},
										{
											"third_person_bow_equipped": "query.get_equipped_item_name == 'bow' && (variable.item_use_normalized > 0 && variable.item_use_normalized < 1.0)"
										}
									]
								}
							}
						},
						"controller.animation.player.root": {
							"initial_state": "first_person",
							"states": {
								"first_person": {
									"animations": [
										"first_person_swap_item",
										{
											"first_person_attack_controller": "variable.attack_time > 0.0f && query.get_equipped_item_name != 'map' && query.get_equipped_item_name != 'diamond_sword'"
										},
										"first_person_base_pose",
										{
											"first_person_empty_hand": "query.get_equipped_item_name(0, 1) != 'map'"
										},
										{
											"first_person_walk": "!variable.bob_animation"
										},
										{
											"first_person_map_controller": "(query.get_equipped_item_name(0, 1) == 'map' || query.get_equipped_item_name('off_hand') == 'map')"
										},
										{
											"first_person_crossbow_equipped": "query.get_equipped_item_name == 'crossbow' && (variable.item_use_normalized > 0 && variable.item_use_normalized < 1.0)"
										}
									],
									"transitions": [
										{
											"paperdoll": "variable.is_paperdoll"
										},
										{
											"map_player": "variable.map_face_icon"
										},
										{
											"third_person": "!variable.is_first_person"
										}
									]
								},
								"map_player": {
									"transitions": [
										{
											"paperdoll": "variable.is_paperdoll"
										},
										{
											"first_person": "variable.is_first_person"
										},
										{
											"third_person": "!variable.map_face_icon && !variable.is_first_person"
										}
									]
								},
								"paperdoll": {
									"animations": [
										"humanoid_base_pose",
										{
											"look_at_target_ui": "variable.should_look_at_target_ui"
										},
										"move.arms",
										"move.legs",
										"cape"
									],
									"transitions": [
										{
											"first_person": "!variable.is_paperdoll && variable.is_first_person"
										},
										{
											"map_player": "variable.map_face_icon"
										},
										{
											"third_person": "!variable.is_paperdoll && !variable.is_first_person"
										}
									]
								},
								"third_person": {
									"animations": [
										"humanoid_base_pose",
										{
											"look_at_target": "!query.is_sleeping && !query.is_emoting"
										},
										"move.arms",
										"move.legs",
										"cape",
										{
											"riding.arms": "query.is_riding"
										},
										{
											"riding.legs": "query.is_riding"
										},
										"holding",
										{
											"brandish_spear": "variable.is_brandishing_spear"
										},
										{
											"charging": "query.is_charging"
										},
										{
											"sneaking": "query.is_sneaking && !query.is_sleeping"
										},
										"bob",
										{
											"damage_nearby_mobs": "variable.damage_nearby_mobs"
										},
										{
											"bow_and_arrow": "query.has_target"
										},
										{
											"swimming": "variable.swim_amount > 0.0"
										},
										{
											"swimming.legs": "variable.swim_amount > 0.0"
										},
										{
											"use_item_progress": "( variable.use_item_interval_progress > 0.0 ) || ( variable.use_item_startup_progress > 0.0 ) && !variable.is_brandishing_spear"
										},
										{
											"fishing_rod": "query.get_equipped_item_name == 'fishing_rod'"
										},
										{
											"sleeping": "query.is_sleeping && query.is_alive"
										},
										{
											"attack.positions": "variable.attack_time >= 0.0"
										},
										{
											"attack.rotations": "variable.attack_time >= 0.0"
										},
										{
											"shield_block_main_hand": "query.blocking && query.get_equipped_item_name('off_hand') != 'shield' && query.get_equipped_item_name == 'shield'"
										},
										{
											"shield_block_off_hand": "query.blocking && query.get_equipped_item_name('off_hand') == 'shield' && !(variable.item_use_normalized > 0 && variable.item_use_normalized < 1.0)"
										},
										{
											"crossbow_controller": "query.get_equipped_item_name == 'crossbow'"
										},
										{
											"third_person_bow_equipped": "query.get_equipped_item_name == 'bow' && (variable.item_use_normalized > 0 && variable.item_use_normalized < 1.0)"
										}
									],
									"transitions": [
										{
											"paperdoll": "variable.is_paperdoll"
										},
										{
											"first_person": "variable.is_first_person"
										},
										{
											"map_player": "variable.map_face_icon"
										}
									]
								}
							}
						}
					}
				},
				"key": "animation_controllers",
				"children": [
					{
						"key": "controller.animation.player.crossbow",
						"is_minified": true,
						"children": {
							"initial_state": "default",
							"states": {
								"charge": {
									"animations": [
										"third_person_crossbow_equipped"
									],
									"transitions": [
										{
											"default": "query.get_equipped_item_name != 'crossbow' || (query.item_remaining_use_duration <= 0.0 && !query.item_is_charged)"
										},
										{
											"hold": "query.item_is_charged"
										}
									]
								},
								"default": {
									"transitions": [
										{
											"hold": "query.item_is_charged"
										},
										{
											"charge": "query.item_remaining_use_duration > 0.0"
										}
									]
								},
								"hold": {
									"animations": [
										"crossbow_hold"
									],
									"transitions": [
										{
											"default": "query.get_equipped_item_name != 'crossbow' || (query.item_remaining_use_duration <= 0.0 && !query.item_is_charged)"
										},
										{
											"charge": "query.item_remaining_use_duration > 0.0"
										}
									]
								}
							}
						}
					},
					{
						"open": {
							"controller.animation.player.crossbow": {
								"initial_state": "default",
								"states": {
									"charge": {
										"animations": [
											"third_person_crossbow_equipped"
										],
										"transitions": [
											{
												"default": "query.get_equipped_item_name != 'crossbow' || (query.item_remaining_use_duration <= 0.0 && !query.item_is_charged)"
											},
											{
												"hold": "query.item_is_charged"
											}
										]
									},
									"default": {
										"transitions": [
											{
												"hold": "query.item_is_charged"
											},
											{
												"charge": "query.item_remaining_use_duration > 0.0"
											}
										]
									},
									"hold": {
										"animations": [
											"crossbow_hold"
										],
										"transitions": [
											{
												"default": "query.get_equipped_item_name != 'crossbow' || (query.item_remaining_use_duration <= 0.0 && !query.item_is_charged)"
											},
											{
												"charge": "query.item_remaining_use_duration > 0.0"
											}
										]
									}
								}
							},
							"controller.animation.player.first_person_attack": {
								"initial_state": "default",
								"states": {
									"default": {
										"animations": [
											"first_person_attack_rotation"
										],
										"transitions": [
											{
												"vr_attack": "variable.is_using_vr"
											}
										]
									},
									"vr_attack": {
										"animations": [
											"first_person_vr_attack_rotation"
										],
										"transitions": [
											{
												"default": "!variable.is_using_vr"
											}
										]
									}
								}
							},
							"controller.animation.player.first_person_map": {
								"initial_state": "default",
								"states": {
									"default": {
										"transitions": [
											{
												"one_hand": "query.get_equipped_item_name('off_hand') == 'map' || query.get_equipped_item_name('off_hand') == 'shield'"
											},
											{
												"two_hand": "query.get_equipped_item_name('off_hand') != 'map' && query.get_equipped_item_name('off_hand') != 'shield'"
											}
										]
									},
									"one_hand": {
										"animations": [
											{
												"first_person_map_hold_main_hand": "query.get_equipped_item_name(0, 1) == 'map'"
											},
											{
												"first_person_map_hold_off_hand": "query.get_equipped_item_name('off_hand') == 'map' && (query.get_equipped_item_name == 'bow' ? !(variable.item_use_normalized > 0 && variable.item_use_normalized < 1.0) : 1.0)"
											}
										],
										"transitions": [
											{
												"default": "query.get_equipped_item_name(0, 1) != 'map' && query.get_equipped_item_name('off_hand') != 'map'"
											},
											{
												"two_hand": "query.get_equipped_item_name('off_hand') != 'map' && query.get_equipped_item_name('off_hand') != 'shield'"
											}
										]
									},
									"two_hand": {
										"animations": [
											"first_person_map_hold",
											"first_person_map_hold_attack"
										],
										"transitions": [
											{
												"default": "query.get_equipped_item_name(0, 1) != 'map' && query.get_equipped_item_name('off_hand') != 'map'"
											},
											{
												"one_hand": "query.get_equipped_item_name('off_hand') == 'map' || query.get_equipped_item_name('off_hand') == 'shield'"
											}
										]
									}
								}
							},
							"controller.animation.player.hudplayer": {
								"initial_state": "default",
								"states": {
									"default": {
										"animations": [
											"humanoid_base_pose",
											{
												"look_at_target": "!query.is_sleeping && !query.is_emoting"
											},
											"move.arms",
											"move.legs",
											"cape",
											{
												"riding.arms": "query.is_riding"
											},
											{
												"riding.legs": "query.is_riding"
											},
											"holding",
											{
												"brandish_spear": "variable.is_brandishing_spear"
											},
											{
												"charging": "query.is_charging"
											},
											{
												"sneaking": "query.is_sneaking && !query.is_sleeping"
											},
											"bob",
											{
												"damage_nearby_mobs": "variable.damage_nearby_mobs"
											},
											{
												"bow_and_arrow": "query.has_target"
											},
											{
												"swimming": "variable.swim_amount > 0.0"
											},
											{
												"swimming.legs": "variable.swim_amount > 0.0"
											},
											{
												"use_item_progress": "( variable.use_item_interval_progress > 0.0 ) || ( variable.use_item_startup_progress > 0.0 ) && !variable.is_brandishing_spear"
											},
											{
												"sleeping": "query.is_sleeping && query.is_alive"
											},
											{
												"attack.positions": "variable.attack_time >= 0.0"
											},
											{
												"attack.rotations": "variable.attack_time >= 0.0"
											},
											{
												"shield_block_main_hand": "query.blocking && query.get_equipped_item_name('off_hand') != 'shield' && query.get_equipped_item_name == 'shield'"
											},
											{
												"shield_block_off_hand": "query.blocking && query.get_equipped_item_name('off_hand') == 'shield' && !(variable.item_use_normalized > 0 && variable.item_use_normalized < 1.0)"
											},
											{
												"crossbow_controller": "query.get_equipped_item_name == 'crossbow'"
											},
											{
												"third_person_bow_equipped": "query.get_equipped_item_name == 'bow' && (variable.item_use_normalized > 0 && variable.item_use_normalized < 1.0)"
											}
										]
									}
								}
							},
							"controller.animation.player.root": {
								"initial_state": "first_person",
								"states": {
									"first_person": {
										"animations": [
											"first_person_swap_item",
											{
												"first_person_attack_controller": "variable.attack_time > 0.0f && query.get_equipped_item_name != 'map' && query.get_equipped_item_name != 'diamond_sword'"
											},
											"first_person_base_pose",
											{
												"first_person_empty_hand": "query.get_equipped_item_name(0, 1) != 'map'"
											},
											{
												"first_person_walk": "!variable.bob_animation"
											},
											{
												"first_person_map_controller": "(query.get_equipped_item_name(0, 1) == 'map' || query.get_equipped_item_name('off_hand') == 'map')"
											},
											{
												"first_person_crossbow_equipped": "query.get_equipped_item_name == 'crossbow' && (variable.item_use_normalized > 0 && variable.item_use_normalized < 1.0)"
											}
										],
										"transitions": [
											{
												"paperdoll": "variable.is_paperdoll"
											},
											{
												"map_player": "variable.map_face_icon"
											},
											{
												"third_person": "!variable.is_first_person"
											}
										]
									},
									"map_player": {
										"transitions": [
											{
												"paperdoll": "variable.is_paperdoll"
											},
											{
												"first_person": "variable.is_first_person"
											},
											{
												"third_person": "!variable.map_face_icon && !variable.is_first_person"
											}
										]
									},
									"paperdoll": {
										"animations": [
											"humanoid_base_pose",
											{
												"look_at_target_ui": "variable.should_look_at_target_ui"
											},
											"move.arms",
											"move.legs",
											"cape"
										],
										"transitions": [
											{
												"first_person": "!variable.is_paperdoll && variable.is_first_person"
											},
											{
												"map_player": "variable.map_face_icon"
											},
											{
												"third_person": "!variable.is_paperdoll && !variable.is_first_person"
											}
										]
									},
									"third_person": {
										"animations": [
											"humanoid_base_pose",
											{
												"look_at_target": "!query.is_sleeping && !query.is_emoting"
											},
											"move.arms",
											"move.legs",
											"cape",
											{
												"riding.arms": "query.is_riding"
											},
											{
												"riding.legs": "query.is_riding"
											},
											"holding",
											{
												"brandish_spear": "variable.is_brandishing_spear"
											},
											{
												"charging": "query.is_charging"
											},
											{
												"sneaking": "query.is_sneaking && !query.is_sleeping"
											},
											"bob",
											{
												"damage_nearby_mobs": "variable.damage_nearby_mobs"
											},
											{
												"bow_and_arrow": "query.has_target"
											},
											{
												"swimming": "variable.swim_amount > 0.0"
											},
											{
												"swimming.legs": "variable.swim_amount > 0.0"
											},
											{
												"use_item_progress": "( variable.use_item_interval_progress > 0.0 ) || ( variable.use_item_startup_progress > 0.0 ) && !variable.is_brandishing_spear"
											},
											{
												"fishing_rod": "query.get_equipped_item_name == 'fishing_rod'"
											},
											{
												"sleeping": "query.is_sleeping && query.is_alive"
											},
											{
												"attack.positions": "variable.attack_time >= 0.0"
											},
											{
												"attack.rotations": "variable.attack_time >= 0.0"
											},
											{
												"shield_block_main_hand": "query.blocking && query.get_equipped_item_name('off_hand') != 'shield' && query.get_equipped_item_name == 'shield'"
											},
											{
												"shield_block_off_hand": "query.blocking && query.get_equipped_item_name('off_hand') == 'shield' && !(variable.item_use_normalized > 0 && variable.item_use_normalized < 1.0)"
											},
											{
												"crossbow_controller": "query.get_equipped_item_name == 'crossbow'"
											},
											{
												"third_person_bow_equipped": "query.get_equipped_item_name == 'bow' && (variable.item_use_normalized > 0 && variable.item_use_normalized < 1.0)"
											}
										],
										"transitions": [
											{
												"paperdoll": "variable.is_paperdoll"
											},
											{
												"first_person": "variable.is_first_person"
											},
											{
												"map_player": "variable.map_face_icon"
											}
										]
									}
								}
							}
						},
						"key": "controller.animation.player.first_person_attack",
						"children": [
							{
								"data": "default",
								"key": "initial_state"
							},
							{
								"open": {
									"initial_state": "default",
									"states": {
										"default": {
											"animations": [
												"first_person_attack_rotation"
											],
											"transitions": [
												{
													"vr_attack": "variable.is_using_vr"
												}
											]
										},
										"vr_attack": {
											"animations": [
												"first_person_vr_attack_rotation"
											],
											"transitions": [
												{
													"default": "!variable.is_using_vr"
												}
											]
										}
									}
								},
								"key": "states",
								"is_minified": true,
								"children": {
									"default": {
										"animations": [
											"first_person_attack_rotation"
										],
										"transitions": [
											{
												"vr_attack": "variable.is_using_vr"
											}
										]
									},
									"vr_attack": {
										"animations": [
											"first_person_vr_attack_rotation"
										],
										"transitions": [
											{
												"default": "!variable.is_using_vr"
											}
										]
									}
								}
							}
						]
					},
					{
						"key": "controller.animation.player.first_person_map",
						"is_minified": true,
						"children": {
							"initial_state": "default",
							"states": {
								"default": {
									"transitions": [
										{
											"one_hand": "query.get_equipped_item_name('off_hand') == 'map' || query.get_equipped_item_name('off_hand') == 'shield'"
										},
										{
											"two_hand": "query.get_equipped_item_name('off_hand') != 'map' && query.get_equipped_item_name('off_hand') != 'shield'"
										}
									]
								},
								"one_hand": {
									"animations": [
										{
											"first_person_map_hold_main_hand": "query.get_equipped_item_name(0, 1) == 'map'"
										},
										{
											"first_person_map_hold_off_hand": "query.get_equipped_item_name('off_hand') == 'map' && (query.get_equipped_item_name == 'bow' ? !(variable.item_use_normalized > 0 && variable.item_use_normalized < 1.0) : 1.0)"
										}
									],
									"transitions": [
										{
											"default": "query.get_equipped_item_name(0, 1) != 'map' && query.get_equipped_item_name('off_hand') != 'map'"
										},
										{
											"two_hand": "query.get_equipped_item_name('off_hand') != 'map' && query.get_equipped_item_name('off_hand') != 'shield'"
										}
									]
								},
								"two_hand": {
									"animations": [
										"first_person_map_hold",
										"first_person_map_hold_attack"
									],
									"transitions": [
										{
											"default": "query.get_equipped_item_name(0, 1) != 'map' && query.get_equipped_item_name('off_hand') != 'map'"
										},
										{
											"one_hand": "query.get_equipped_item_name('off_hand') == 'map' || query.get_equipped_item_name('off_hand') == 'shield'"
										}
									]
								}
							}
						}
					},
					{
						"open": {
							"controller.animation.player.crossbow": {
								"initial_state": "default",
								"states": {
									"charge": {
										"animations": [
											"third_person_crossbow_equipped"
										],
										"transitions": [
											{
												"default": "query.get_equipped_item_name != 'crossbow' || (query.item_remaining_use_duration <= 0.0 && !query.item_is_charged)"
											},
											{
												"hold": "query.item_is_charged"
											}
										]
									},
									"default": {
										"transitions": [
											{
												"hold": "query.item_is_charged"
											},
											{
												"charge": "query.item_remaining_use_duration > 0.0"
											}
										]
									},
									"hold": {
										"animations": [
											"crossbow_hold"
										],
										"transitions": [
											{
												"default": "query.get_equipped_item_name != 'crossbow' || (query.item_remaining_use_duration <= 0.0 && !query.item_is_charged)"
											},
											{
												"charge": "query.item_remaining_use_duration > 0.0"
											}
										]
									}
								}
							},
							"controller.animation.player.first_person_attack": {
								"initial_state": "default",
								"states": {
									"default": {
										"animations": [
											"first_person_attack_rotation"
										],
										"transitions": [
											{
												"vr_attack": "variable.is_using_vr"
											}
										]
									},
									"vr_attack": {
										"animations": [
											"first_person_vr_attack_rotation"
										],
										"transitions": [
											{
												"default": "!variable.is_using_vr"
											}
										]
									}
								}
							},
							"controller.animation.player.first_person_map": {
								"initial_state": "default",
								"states": {
									"default": {
										"transitions": [
											{
												"one_hand": "query.get_equipped_item_name('off_hand') == 'map' || query.get_equipped_item_name('off_hand') == 'shield'"
											},
											{
												"two_hand": "query.get_equipped_item_name('off_hand') != 'map' && query.get_equipped_item_name('off_hand') != 'shield'"
											}
										]
									},
									"one_hand": {
										"animations": [
											{
												"first_person_map_hold_main_hand": "query.get_equipped_item_name(0, 1) == 'map'"
											},
											{
												"first_person_map_hold_off_hand": "query.get_equipped_item_name('off_hand') == 'map' && (query.get_equipped_item_name == 'bow' ? !(variable.item_use_normalized > 0 && variable.item_use_normalized < 1.0) : 1.0)"
											}
										],
										"transitions": [
											{
												"default": "query.get_equipped_item_name(0, 1) != 'map' && query.get_equipped_item_name('off_hand') != 'map'"
											},
											{
												"two_hand": "query.get_equipped_item_name('off_hand') != 'map' && query.get_equipped_item_name('off_hand') != 'shield'"
											}
										]
									},
									"two_hand": {
										"animations": [
											"first_person_map_hold",
											"first_person_map_hold_attack"
										],
										"transitions": [
											{
												"default": "query.get_equipped_item_name(0, 1) != 'map' && query.get_equipped_item_name('off_hand') != 'map'"
											},
											{
												"one_hand": "query.get_equipped_item_name('off_hand') == 'map' || query.get_equipped_item_name('off_hand') == 'shield'"
											}
										]
									}
								}
							},
							"controller.animation.player.hudplayer": {
								"initial_state": "default",
								"states": {
									"default": {
										"animations": [
											"humanoid_base_pose",
											{
												"look_at_target": "!query.is_sleeping && !query.is_emoting"
											},
											"move.arms",
											"move.legs",
											"cape",
											{
												"riding.arms": "query.is_riding"
											},
											{
												"riding.legs": "query.is_riding"
											},
											"holding",
											{
												"brandish_spear": "variable.is_brandishing_spear"
											},
											{
												"charging": "query.is_charging"
											},
											{
												"sneaking": "query.is_sneaking && !query.is_sleeping"
											},
											"bob",
											{
												"damage_nearby_mobs": "variable.damage_nearby_mobs"
											},
											{
												"bow_and_arrow": "query.has_target"
											},
											{
												"swimming": "variable.swim_amount > 0.0"
											},
											{
												"swimming.legs": "variable.swim_amount > 0.0"
											},
											{
												"use_item_progress": "( variable.use_item_interval_progress > 0.0 ) || ( variable.use_item_startup_progress > 0.0 ) && !variable.is_brandishing_spear"
											},
											{
												"sleeping": "query.is_sleeping && query.is_alive"
											},
											{
												"attack.positions": "variable.attack_time >= 0.0"
											},
											{
												"attack.rotations": "variable.attack_time >= 0.0"
											},
											{
												"shield_block_main_hand": "query.blocking && query.get_equipped_item_name('off_hand') != 'shield' && query.get_equipped_item_name == 'shield'"
											},
											{
												"shield_block_off_hand": "query.blocking && query.get_equipped_item_name('off_hand') == 'shield' && !(variable.item_use_normalized > 0 && variable.item_use_normalized < 1.0)"
											},
											{
												"crossbow_controller": "query.get_equipped_item_name == 'crossbow'"
											},
											{
												"third_person_bow_equipped": "query.get_equipped_item_name == 'bow' && (variable.item_use_normalized > 0 && variable.item_use_normalized < 1.0)"
											}
										]
									}
								}
							},
							"controller.animation.player.root": {
								"initial_state": "first_person",
								"states": {
									"first_person": {
										"animations": [
											"first_person_swap_item",
											{
												"first_person_attack_controller": "variable.attack_time > 0.0f && query.get_equipped_item_name != 'map' && query.get_equipped_item_name != 'diamond_sword'"
											},
											"first_person_base_pose",
											{
												"first_person_empty_hand": "query.get_equipped_item_name(0, 1) != 'map'"
											},
											{
												"first_person_walk": "!variable.bob_animation"
											},
											{
												"first_person_map_controller": "(query.get_equipped_item_name(0, 1) == 'map' || query.get_equipped_item_name('off_hand') == 'map')"
											},
											{
												"first_person_crossbow_equipped": "query.get_equipped_item_name == 'crossbow' && (variable.item_use_normalized > 0 && variable.item_use_normalized < 1.0)"
											}
										],
										"transitions": [
											{
												"paperdoll": "variable.is_paperdoll"
											},
											{
												"map_player": "variable.map_face_icon"
											},
											{
												"third_person": "!variable.is_first_person"
											}
										]
									},
									"map_player": {
										"transitions": [
											{
												"paperdoll": "variable.is_paperdoll"
											},
											{
												"first_person": "variable.is_first_person"
											},
											{
												"third_person": "!variable.map_face_icon && !variable.is_first_person"
											}
										]
									},
									"paperdoll": {
										"animations": [
											"humanoid_base_pose",
											{
												"look_at_target_ui": "variable.should_look_at_target_ui"
											},
											"move.arms",
											"move.legs",
											"cape"
										],
										"transitions": [
											{
												"first_person": "!variable.is_paperdoll && variable.is_first_person"
											},
											{
												"map_player": "variable.map_face_icon"
											},
											{
												"third_person": "!variable.is_paperdoll && !variable.is_first_person"
											}
										]
									},
									"third_person": {
										"animations": [
											"humanoid_base_pose",
											{
												"look_at_target": "!query.is_sleeping && !query.is_emoting"
											},
											"move.arms",
											"move.legs",
											"cape",
											{
												"riding.arms": "query.is_riding"
											},
											{
												"riding.legs": "query.is_riding"
											},
											"holding",
											{
												"brandish_spear": "variable.is_brandishing_spear"
											},
											{
												"charging": "query.is_charging"
											},
											{
												"sneaking": "query.is_sneaking && !query.is_sleeping"
											},
											"bob",
											{
												"damage_nearby_mobs": "variable.damage_nearby_mobs"
											},
											{
												"bow_and_arrow": "query.has_target"
											},
											{
												"swimming": "variable.swim_amount > 0.0"
											},
											{
												"swimming.legs": "variable.swim_amount > 0.0"
											},
											{
												"use_item_progress": "( variable.use_item_interval_progress > 0.0 ) || ( variable.use_item_startup_progress > 0.0 ) && !variable.is_brandishing_spear"
											},
											{
												"fishing_rod": "query.get_equipped_item_name == 'fishing_rod'"
											},
											{
												"sleeping": "query.is_sleeping && query.is_alive"
											},
											{
												"attack.positions": "variable.attack_time >= 0.0"
											},
											{
												"attack.rotations": "variable.attack_time >= 0.0"
											},
											{
												"shield_block_main_hand": "query.blocking && query.get_equipped_item_name('off_hand') != 'shield' && query.get_equipped_item_name == 'shield'"
											},
											{
												"shield_block_off_hand": "query.blocking && query.get_equipped_item_name('off_hand') == 'shield' && !(variable.item_use_normalized > 0 && variable.item_use_normalized < 1.0)"
											},
											{
												"crossbow_controller": "query.get_equipped_item_name == 'crossbow'"
											},
											{
												"third_person_bow_equipped": "query.get_equipped_item_name == 'bow' && (variable.item_use_normalized > 0 && variable.item_use_normalized < 1.0)"
											}
										],
										"transitions": [
											{
												"paperdoll": "variable.is_paperdoll"
											},
											{
												"first_person": "variable.is_first_person"
											},
											{
												"map_player": "variable.map_face_icon"
											}
										]
									}
								}
							}
						},
						"key": "controller.animation.player.hudplayer",
						"children": [
							{
								"data": "default",
								"key": "initial_state"
							},
							{
								"open": {
									"initial_state": "default",
									"states": {
										"default": {
											"animations": [
												"humanoid_base_pose",
												{
													"look_at_target": "!query.is_sleeping && !query.is_emoting"
												},
												"move.arms",
												"move.legs",
												"cape",
												{
													"riding.arms": "query.is_riding"
												},
												{
													"riding.legs": "query.is_riding"
												},
												"holding",
												{
													"brandish_spear": "variable.is_brandishing_spear"
												},
												{
													"charging": "query.is_charging"
												},
												{
													"sneaking": "query.is_sneaking && !query.is_sleeping"
												},
												"bob",
												{
													"damage_nearby_mobs": "variable.damage_nearby_mobs"
												},
												{
													"bow_and_arrow": "query.has_target"
												},
												{
													"swimming": "variable.swim_amount > 0.0"
												},
												{
													"swimming.legs": "variable.swim_amount > 0.0"
												},
												{
													"use_item_progress": "( variable.use_item_interval_progress > 0.0 ) || ( variable.use_item_startup_progress > 0.0 ) && !variable.is_brandishing_spear"
												},
												{
													"sleeping": "query.is_sleeping && query.is_alive"
												},
												{
													"attack.positions": "variable.attack_time >= 0.0"
												},
												{
													"attack.rotations": "variable.attack_time >= 0.0"
												},
												{
													"shield_block_main_hand": "query.blocking && query.get_equipped_item_name('off_hand') != 'shield' && query.get_equipped_item_name == 'shield'"
												},
												{
													"shield_block_off_hand": "query.blocking && query.get_equipped_item_name('off_hand') == 'shield' && !(variable.item_use_normalized > 0 && variable.item_use_normalized < 1.0)"
												},
												{
													"crossbow_controller": "query.get_equipped_item_name == 'crossbow'"
												},
												{
													"third_person_bow_equipped": "query.get_equipped_item_name == 'bow' && (variable.item_use_normalized > 0 && variable.item_use_normalized < 1.0)"
												}
											]
										}
									}
								},
								"key": "states",
								"children": [
									{
										"open": {
											"default": {
												"animations": [
													"humanoid_base_pose",
													{
														"look_at_target": "!query.is_sleeping && !query.is_emoting"
													},
													"move.arms",
													"move.legs",
													"cape",
													{
														"riding.arms": "query.is_riding"
													},
													{
														"riding.legs": "query.is_riding"
													},
													"holding",
													{
														"brandish_spear": "variable.is_brandishing_spear"
													},
													{
														"charging": "query.is_charging"
													},
													{
														"sneaking": "query.is_sneaking && !query.is_sleeping"
													},
													"bob",
													{
														"damage_nearby_mobs": "variable.damage_nearby_mobs"
													},
													{
														"bow_and_arrow": "query.has_target"
													},
													{
														"swimming": "variable.swim_amount > 0.0"
													},
													{
														"swimming.legs": "variable.swim_amount > 0.0"
													},
													{
														"use_item_progress": "( variable.use_item_interval_progress > 0.0 ) || ( variable.use_item_startup_progress > 0.0 ) && !variable.is_brandishing_spear"
													},
													{
														"sleeping": "query.is_sleeping && query.is_alive"
													},
													{
														"attack.positions": "variable.attack_time >= 0.0"
													},
													{
														"attack.rotations": "variable.attack_time >= 0.0"
													},
													{
														"shield_block_main_hand": "query.blocking && query.get_equipped_item_name('off_hand') != 'shield' && query.get_equipped_item_name == 'shield'"
													},
													{
														"shield_block_off_hand": "query.blocking && query.get_equipped_item_name('off_hand') == 'shield' && !(variable.item_use_normalized > 0 && variable.item_use_normalized < 1.0)"
													},
													{
														"crossbow_controller": "query.get_equipped_item_name == 'crossbow'"
													},
													{
														"third_person_bow_equipped": "query.get_equipped_item_name == 'bow' && (variable.item_use_normalized > 0 && variable.item_use_normalized < 1.0)"
													}
												]
											}
										},
										"key": "default",
										"children": [
											{
												"key": "animations",
												"children": [
													{
														"data": "humanoid_base_pose"
													},
													{
														"open": [
															"humanoid_base_pose",
															{
																"look_at_target": "!query.is_sleeping && !query.is_emoting"
															},
															"move.arms",
															"move.legs",
															"cape",
															{
																"riding.arms": "query.is_riding"
															},
															{
																"riding.legs": "query.is_riding"
															},
															"holding",
															{
																"brandish_spear": "variable.is_brandishing_spear"
															},
															{
																"charging": "query.is_charging"
															},
															{
																"sneaking": "query.is_sneaking && !query.is_sleeping"
															},
															"bob",
															{
																"damage_nearby_mobs": "variable.damage_nearby_mobs"
															},
															{
																"bow_and_arrow": "query.has_target"
															},
															{
																"swimming": "variable.swim_amount > 0.0"
															},
															{
																"swimming.legs": "variable.swim_amount > 0.0"
															},
															{
																"use_item_progress": "( variable.use_item_interval_progress > 0.0 ) || ( variable.use_item_startup_progress > 0.0 ) && !variable.is_brandishing_spear"
															},
															{
																"sleeping": "query.is_sleeping && query.is_alive"
															},
															{
																"attack.positions": "variable.attack_time >= 0.0"
															},
															{
																"attack.rotations": "variable.attack_time >= 0.0"
															},
															{
																"shield_block_main_hand": "query.blocking && query.get_equipped_item_name('off_hand') != 'shield' && query.get_equipped_item_name == 'shield'"
															},
															{
																"shield_block_off_hand": "query.blocking && query.get_equipped_item_name('off_hand') == 'shield' && !(variable.item_use_normalized > 0 && variable.item_use_normalized < 1.0)"
															},
															{
																"crossbow_controller": "query.get_equipped_item_name == 'crossbow'"
															},
															{
																"third_person_bow_equipped": "query.get_equipped_item_name == 'bow' && (variable.item_use_normalized > 0 && variable.item_use_normalized < 1.0)"
															}
														],
														"is_minified": true,
														"children": {
															"look_at_target": "!query.is_sleeping && !query.is_emoting"
														}
													},
													{
														"data": "move.arms"
													},
													{
														"data": "move.legs"
													},
													{
														"data": "cape"
													},
													{
														"is_minified": true,
														"children": {
															"riding.arms": "query.is_riding"
														}
													},
													{
														"is_minified": true,
														"children": {
															"riding.legs": "query.is_riding"
														}
													},
													{
														"data": "holding"
													},
													{
														"is_minified": true,
														"children": {
															"brandish_spear": "variable.is_brandishing_spear"
														}
													},
													{
														"is_minified": true,
														"children": {
															"charging": "query.is_charging"
														}
													},
													{
														"is_minified": true,
														"children": {
															"sneaking": "query.is_sneaking && !query.is_sleeping"
														}
													},
													{
														"data": "bob"
													},
													{
														"is_minified": true,
														"children": {
															"damage_nearby_mobs": "variable.damage_nearby_mobs"
														}
													},
													{
														"is_minified": true,
														"children": {
															"bow_and_arrow": "query.has_target"
														}
													},
													{
														"is_minified": true,
														"children": {
															"swimming": "variable.swim_amount > 0.0"
														}
													},
													{
														"is_minified": true,
														"children": {
															"swimming.legs": "variable.swim_amount > 0.0"
														}
													},
													{
														"is_minified": true,
														"children": {
															"use_item_progress": "( variable.use_item_interval_progress > 0.0 ) || ( variable.use_item_startup_progress > 0.0 ) && !variable.is_brandishing_spear"
														}
													},
													{
														"is_minified": true,
														"children": {
															"sleeping": "query.is_sleeping && query.is_alive"
														}
													},
													{
														"is_minified": true,
														"children": {
															"attack.positions": "variable.attack_time >= 0.0"
														}
													},
													{
														"is_minified": true,
														"children": {
															"attack.rotations": "variable.attack_time >= 0.0"
														}
													},
													{
														"is_minified": true,
														"children": {
															"shield_block_main_hand": "query.blocking && query.get_equipped_item_name('off_hand') != 'shield' && query.get_equipped_item_name == 'shield'"
														}
													},
													{
														"is_minified": true,
														"children": {
															"shield_block_off_hand": "query.blocking && query.get_equipped_item_name('off_hand') == 'shield' && !(variable.item_use_normalized > 0 && variable.item_use_normalized < 1.0)"
														}
													},
													{
														"is_minified": true,
														"children": {
															"crossbow_controller": "query.get_equipped_item_name == 'crossbow'"
														}
													},
													{
														"is_minified": true,
														"children": {
															"third_person_bow_equipped": "query.get_equipped_item_name == 'bow' && (variable.item_use_normalized > 0 && variable.item_use_normalized < 1.0)"
														}
													}
												]
											}
										]
									}
								]
							}
						]
					},
					{
						"open": {
							"controller.animation.player.crossbow": {
								"initial_state": "default",
								"states": {
									"charge": {
										"animations": [
											"third_person_crossbow_equipped"
										],
										"transitions": [
											{
												"default": "query.get_equipped_item_name != 'crossbow' || (query.item_remaining_use_duration <= 0.0 && !query.item_is_charged)"
											},
											{
												"hold": "query.item_is_charged"
											}
										]
									},
									"default": {
										"transitions": [
											{
												"hold": "query.item_is_charged"
											},
											{
												"charge": "query.item_remaining_use_duration > 0.0"
											}
										]
									},
									"hold": {
										"animations": [
											"crossbow_hold"
										],
										"transitions": [
											{
												"default": "query.get_equipped_item_name != 'crossbow' || (query.item_remaining_use_duration <= 0.0 && !query.item_is_charged)"
											},
											{
												"charge": "query.item_remaining_use_duration > 0.0"
											}
										]
									}
								}
							},
							"controller.animation.player.first_person_attack": {
								"initial_state": "default",
								"states": {
									"default": {
										"animations": [
											"first_person_attack_rotation"
										],
										"transitions": [
											{
												"vr_attack": "variable.is_using_vr"
											}
										]
									},
									"vr_attack": {
										"animations": [
											"first_person_vr_attack_rotation"
										],
										"transitions": [
											{
												"default": "!variable.is_using_vr"
											}
										]
									}
								}
							},
							"controller.animation.player.first_person_map": {
								"initial_state": "default",
								"states": {
									"default": {
										"transitions": [
											{
												"one_hand": "query.get_equipped_item_name('off_hand') == 'map' || query.get_equipped_item_name('off_hand') == 'shield'"
											},
											{
												"two_hand": "query.get_equipped_item_name('off_hand') != 'map' && query.get_equipped_item_name('off_hand') != 'shield'"
											}
										]
									},
									"one_hand": {
										"animations": [
											{
												"first_person_map_hold_main_hand": "query.get_equipped_item_name(0, 1) == 'map'"
											},
											{
												"first_person_map_hold_off_hand": "query.get_equipped_item_name('off_hand') == 'map' && (query.get_equipped_item_name == 'bow' ? !(variable.item_use_normalized > 0 && variable.item_use_normalized < 1.0) : 1.0)"
											}
										],
										"transitions": [
											{
												"default": "query.get_equipped_item_name(0, 1) != 'map' && query.get_equipped_item_name('off_hand') != 'map'"
											},
											{
												"two_hand": "query.get_equipped_item_name('off_hand') != 'map' && query.get_equipped_item_name('off_hand') != 'shield'"
											}
										]
									},
									"two_hand": {
										"animations": [
											"first_person_map_hold",
											"first_person_map_hold_attack"
										],
										"transitions": [
											{
												"default": "query.get_equipped_item_name(0, 1) != 'map' && query.get_equipped_item_name('off_hand') != 'map'"
											},
											{
												"one_hand": "query.get_equipped_item_name('off_hand') == 'map' || query.get_equipped_item_name('off_hand') == 'shield'"
											}
										]
									}
								}
							},
							"controller.animation.player.hudplayer": {
								"initial_state": "default",
								"states": {
									"default": {
										"animations": [
											"humanoid_base_pose",
											{
												"look_at_target": "!query.is_sleeping && !query.is_emoting"
											},
											"move.arms",
											"move.legs",
											"cape",
											{
												"riding.arms": "query.is_riding"
											},
											{
												"riding.legs": "query.is_riding"
											},
											"holding",
											{
												"brandish_spear": "variable.is_brandishing_spear"
											},
											{
												"charging": "query.is_charging"
											},
											{
												"sneaking": "query.is_sneaking && !query.is_sleeping"
											},
											"bob",
											{
												"damage_nearby_mobs": "variable.damage_nearby_mobs"
											},
											{
												"bow_and_arrow": "query.has_target"
											},
											{
												"swimming": "variable.swim_amount > 0.0"
											},
											{
												"swimming.legs": "variable.swim_amount > 0.0"
											},
											{
												"use_item_progress": "( variable.use_item_interval_progress > 0.0 ) || ( variable.use_item_startup_progress > 0.0 ) && !variable.is_brandishing_spear"
											},
											{
												"sleeping": "query.is_sleeping && query.is_alive"
											},
											{
												"attack.positions": "variable.attack_time >= 0.0"
											},
											{
												"attack.rotations": "variable.attack_time >= 0.0"
											},
											{
												"shield_block_main_hand": "query.blocking && query.get_equipped_item_name('off_hand') != 'shield' && query.get_equipped_item_name == 'shield'"
											},
											{
												"shield_block_off_hand": "query.blocking && query.get_equipped_item_name('off_hand') == 'shield' && !(variable.item_use_normalized > 0 && variable.item_use_normalized < 1.0)"
											},
											{
												"crossbow_controller": "query.get_equipped_item_name == 'crossbow'"
											},
											{
												"third_person_bow_equipped": "query.get_equipped_item_name == 'bow' && (variable.item_use_normalized > 0 && variable.item_use_normalized < 1.0)"
											}
										]
									}
								}
							},
							"controller.animation.player.root": {
								"initial_state": "first_person",
								"states": {
									"first_person": {
										"animations": [
											"first_person_swap_item",
											{
												"first_person_attack_controller": "variable.attack_time > 0.0f && query.get_equipped_item_name != 'map' && query.get_equipped_item_name != 'diamond_sword'"
											},
											"first_person_base_pose",
											{
												"first_person_empty_hand": "query.get_equipped_item_name(0, 1) != 'map'"
											},
											{
												"first_person_walk": "!variable.bob_animation"
											},
											{
												"first_person_map_controller": "(query.get_equipped_item_name(0, 1) == 'map' || query.get_equipped_item_name('off_hand') == 'map')"
											},
											{
												"first_person_crossbow_equipped": "query.get_equipped_item_name == 'crossbow' && (variable.item_use_normalized > 0 && variable.item_use_normalized < 1.0)"
											}
										],
										"transitions": [
											{
												"paperdoll": "variable.is_paperdoll"
											},
											{
												"map_player": "variable.map_face_icon"
											},
											{
												"third_person": "!variable.is_first_person"
											}
										]
									},
									"map_player": {
										"transitions": [
											{
												"paperdoll": "variable.is_paperdoll"
											},
											{
												"first_person": "variable.is_first_person"
											},
											{
												"third_person": "!variable.map_face_icon && !variable.is_first_person"
											}
										]
									},
									"paperdoll": {
										"animations": [
											"humanoid_base_pose",
											{
												"look_at_target_ui": "variable.should_look_at_target_ui"
											},
											"move.arms",
											"move.legs",
											"cape"
										],
										"transitions": [
											{
												"first_person": "!variable.is_paperdoll && variable.is_first_person"
											},
											{
												"map_player": "variable.map_face_icon"
											},
											{
												"third_person": "!variable.is_paperdoll && !variable.is_first_person"
											}
										]
									},
									"third_person": {
										"animations": [
											"humanoid_base_pose",
											{
												"look_at_target": "!query.is_sleeping && !query.is_emoting"
											},
											"move.arms",
											"move.legs",
											"cape",
											{
												"riding.arms": "query.is_riding"
											},
											{
												"riding.legs": "query.is_riding"
											},
											"holding",
											{
												"brandish_spear": "variable.is_brandishing_spear"
											},
											{
												"charging": "query.is_charging"
											},
											{
												"sneaking": "query.is_sneaking && !query.is_sleeping"
											},
											"bob",
											{
												"damage_nearby_mobs": "variable.damage_nearby_mobs"
											},
											{
												"bow_and_arrow": "query.has_target"
											},
											{
												"swimming": "variable.swim_amount > 0.0"
											},
											{
												"swimming.legs": "variable.swim_amount > 0.0"
											},
											{
												"use_item_progress": "( variable.use_item_interval_progress > 0.0 ) || ( variable.use_item_startup_progress > 0.0 ) && !variable.is_brandishing_spear"
											},
											{
												"fishing_rod": "query.get_equipped_item_name == 'fishing_rod'"
											},
											{
												"sleeping": "query.is_sleeping && query.is_alive"
											},
											{
												"attack.positions": "variable.attack_time >= 0.0"
											},
											{
												"attack.rotations": "variable.attack_time >= 0.0"
											},
											{
												"shield_block_main_hand": "query.blocking && query.get_equipped_item_name('off_hand') != 'shield' && query.get_equipped_item_name == 'shield'"
											},
											{
												"shield_block_off_hand": "query.blocking && query.get_equipped_item_name('off_hand') == 'shield' && !(variable.item_use_normalized > 0 && variable.item_use_normalized < 1.0)"
											},
											{
												"crossbow_controller": "query.get_equipped_item_name == 'crossbow'"
											},
											{
												"third_person_bow_equipped": "query.get_equipped_item_name == 'bow' && (variable.item_use_normalized > 0 && variable.item_use_normalized < 1.0)"
											}
										],
										"transitions": [
											{
												"paperdoll": "variable.is_paperdoll"
											},
											{
												"first_person": "variable.is_first_person"
											},
											{
												"map_player": "variable.map_face_icon"
											}
										]
									}
								}
							}
						},
						"key": "controller.animation.player.root",
						"children": [
							{
								"data": "first_person",
								"key": "initial_state"
							},
							{
								"open": {
									"initial_state": "first_person",
									"states": {
										"first_person": {
											"animations": [
												"first_person_swap_item",
												{
													"first_person_attack_controller": "variable.attack_time > 0.0f && query.get_equipped_item_name != 'map' && query.get_equipped_item_name != 'diamond_sword'"
												},
												"first_person_base_pose",
												{
													"first_person_empty_hand": "query.get_equipped_item_name(0, 1) != 'map'"
												},
												{
													"first_person_walk": "!variable.bob_animation"
												},
												{
													"first_person_map_controller": "(query.get_equipped_item_name(0, 1) == 'map' || query.get_equipped_item_name('off_hand') == 'map')"
												},
												{
													"first_person_crossbow_equipped": "query.get_equipped_item_name == 'crossbow' && (variable.item_use_normalized > 0 && variable.item_use_normalized < 1.0)"
												}
											],
											"transitions": [
												{
													"paperdoll": "variable.is_paperdoll"
												},
												{
													"map_player": "variable.map_face_icon"
												},
												{
													"third_person": "!variable.is_first_person"
												}
											]
										},
										"map_player": {
											"transitions": [
												{
													"paperdoll": "variable.is_paperdoll"
												},
												{
													"first_person": "variable.is_first_person"
												},
												{
													"third_person": "!variable.map_face_icon && !variable.is_first_person"
												}
											]
										},
										"paperdoll": {
											"animations": [
												"humanoid_base_pose",
												{
													"look_at_target_ui": "variable.should_look_at_target_ui"
												},
												"move.arms",
												"move.legs",
												"cape"
											],
											"transitions": [
												{
													"first_person": "!variable.is_paperdoll && variable.is_first_person"
												},
												{
													"map_player": "variable.map_face_icon"
												},
												{
													"third_person": "!variable.is_paperdoll && !variable.is_first_person"
												}
											]
										},
										"third_person": {
											"animations": [
												"humanoid_base_pose",
												{
													"look_at_target": "!query.is_sleeping && !query.is_emoting"
												},
												"move.arms",
												"move.legs",
												"cape",
												{
													"riding.arms": "query.is_riding"
												},
												{
													"riding.legs": "query.is_riding"
												},
												"holding",
												{
													"brandish_spear": "variable.is_brandishing_spear"
												},
												{
													"charging": "query.is_charging"
												},
												{
													"sneaking": "query.is_sneaking && !query.is_sleeping"
												},
												"bob",
												{
													"damage_nearby_mobs": "variable.damage_nearby_mobs"
												},
												{
													"bow_and_arrow": "query.has_target"
												},
												{
													"swimming": "variable.swim_amount > 0.0"
												},
												{
													"swimming.legs": "variable.swim_amount > 0.0"
												},
												{
													"use_item_progress": "( variable.use_item_interval_progress > 0.0 ) || ( variable.use_item_startup_progress > 0.0 ) && !variable.is_brandishing_spear"
												},
												{
													"fishing_rod": "query.get_equipped_item_name == 'fishing_rod'"
												},
												{
													"sleeping": "query.is_sleeping && query.is_alive"
												},
												{
													"attack.positions": "variable.attack_time >= 0.0"
												},
												{
													"attack.rotations": "variable.attack_time >= 0.0"
												},
												{
													"shield_block_main_hand": "query.blocking && query.get_equipped_item_name('off_hand') != 'shield' && query.get_equipped_item_name == 'shield'"
												},
												{
													"shield_block_off_hand": "query.blocking && query.get_equipped_item_name('off_hand') == 'shield' && !(variable.item_use_normalized > 0 && variable.item_use_normalized < 1.0)"
												},
												{
													"crossbow_controller": "query.get_equipped_item_name == 'crossbow'"
												},
												{
													"third_person_bow_equipped": "query.get_equipped_item_name == 'bow' && (variable.item_use_normalized > 0 && variable.item_use_normalized < 1.0)"
												}
											],
											"transitions": [
												{
													"paperdoll": "variable.is_paperdoll"
												},
												{
													"first_person": "variable.is_first_person"
												},
												{
													"map_player": "variable.map_face_icon"
												}
											]
										}
									}
								},
								"key": "states",
								"children": [
									{
										"open": {
											"first_person": {
												"animations": [
													"first_person_swap_item",
													{
														"first_person_attack_controller": "variable.attack_time > 0.0f && query.get_equipped_item_name != 'map' && query.get_equipped_item_name != 'diamond_sword'"
													},
													"first_person_base_pose",
													{
														"first_person_empty_hand": "query.get_equipped_item_name(0, 1) != 'map'"
													},
													{
														"first_person_walk": "!variable.bob_animation"
													},
													{
														"first_person_map_controller": "(query.get_equipped_item_name(0, 1) == 'map' || query.get_equipped_item_name('off_hand') == 'map')"
													},
													{
														"first_person_crossbow_equipped": "query.get_equipped_item_name == 'crossbow' && (variable.item_use_normalized > 0 && variable.item_use_normalized < 1.0)"
													}
												],
												"transitions": [
													{
														"paperdoll": "variable.is_paperdoll"
													},
													{
														"map_player": "variable.map_face_icon"
													},
													{
														"third_person": "!variable.is_first_person"
													}
												]
											},
											"map_player": {
												"transitions": [
													{
														"paperdoll": "variable.is_paperdoll"
													},
													{
														"first_person": "variable.is_first_person"
													},
													{
														"third_person": "!variable.map_face_icon && !variable.is_first_person"
													}
												]
											},
											"paperdoll": {
												"animations": [
													"humanoid_base_pose",
													{
														"look_at_target_ui": "variable.should_look_at_target_ui"
													},
													"move.arms",
													"move.legs",
													"cape"
												],
												"transitions": [
													{
														"first_person": "!variable.is_paperdoll && variable.is_first_person"
													},
													{
														"map_player": "variable.map_face_icon"
													},
													{
														"third_person": "!variable.is_paperdoll && !variable.is_first_person"
													}
												]
											},
											"third_person": {
												"animations": [
													"humanoid_base_pose",
													{
														"look_at_target": "!query.is_sleeping && !query.is_emoting"
													},
													"move.arms",
													"move.legs",
													"cape",
													{
														"riding.arms": "query.is_riding"
													},
													{
														"riding.legs": "query.is_riding"
													},
													"holding",
													{
														"brandish_spear": "variable.is_brandishing_spear"
													},
													{
														"charging": "query.is_charging"
													},
													{
														"sneaking": "query.is_sneaking && !query.is_sleeping"
													},
													"bob",
													{
														"damage_nearby_mobs": "variable.damage_nearby_mobs"
													},
													{
														"bow_and_arrow": "query.has_target"
													},
													{
														"swimming": "variable.swim_amount > 0.0"
													},
													{
														"swimming.legs": "variable.swim_amount > 0.0"
													},
													{
														"use_item_progress": "( variable.use_item_interval_progress > 0.0 ) || ( variable.use_item_startup_progress > 0.0 ) && !variable.is_brandishing_spear"
													},
													{
														"fishing_rod": "query.get_equipped_item_name == 'fishing_rod'"
													},
													{
														"sleeping": "query.is_sleeping && query.is_alive"
													},
													{
														"attack.positions": "variable.attack_time >= 0.0"
													},
													{
														"attack.rotations": "variable.attack_time >= 0.0"
													},
													{
														"shield_block_main_hand": "query.blocking && query.get_equipped_item_name('off_hand') != 'shield' && query.get_equipped_item_name == 'shield'"
													},
													{
														"shield_block_off_hand": "query.blocking && query.get_equipped_item_name('off_hand') == 'shield' && !(variable.item_use_normalized > 0 && variable.item_use_normalized < 1.0)"
													},
													{
														"crossbow_controller": "query.get_equipped_item_name == 'crossbow'"
													},
													{
														"third_person_bow_equipped": "query.get_equipped_item_name == 'bow' && (variable.item_use_normalized > 0 && variable.item_use_normalized < 1.0)"
													}
												],
												"transitions": [
													{
														"paperdoll": "variable.is_paperdoll"
													},
													{
														"first_person": "variable.is_first_person"
													},
													{
														"map_player": "variable.map_face_icon"
													}
												]
											}
										},
										"key": "first_person",
										"children": [
											{
												"open": {
													"animations": [
														"first_person_swap_item",
														{
															"first_person_attack_controller": "variable.attack_time > 0.0f && query.get_equipped_item_name != 'map' && query.get_equipped_item_name != 'diamond_sword'"
														},
														"first_person_base_pose",
														{
															"first_person_empty_hand": "query.get_equipped_item_name(0, 1) != 'map'"
														},
														{
															"first_person_walk": "!variable.bob_animation"
														},
														{
															"first_person_map_controller": "(query.get_equipped_item_name(0, 1) == 'map' || query.get_equipped_item_name('off_hand') == 'map')"
														},
														{
															"first_person_crossbow_equipped": "query.get_equipped_item_name == 'crossbow' && (variable.item_use_normalized > 0 && variable.item_use_normalized < 1.0)"
														}
													],
													"transitions": [
														{
															"paperdoll": "variable.is_paperdoll"
														},
														{
															"map_player": "variable.map_face_icon"
														},
														{
															"third_person": "!variable.is_first_person"
														}
													]
												},
												"key": "animations",
												"children": [
													{
														"data": "first_person_swap_item"
													},
													{
														"open": [
															"first_person_swap_item",
															{
																"first_person_attack_controller": "variable.attack_time > 0.0f && query.get_equipped_item_name != 'map' && query.get_equipped_item_name != 'diamond_sword'"
															},
															"first_person_base_pose",
															{
																"first_person_empty_hand": "query.get_equipped_item_name(0, 1) != 'map'"
															},
															{
																"first_person_walk": "!variable.bob_animation"
															},
															{
																"first_person_map_controller": "(query.get_equipped_item_name(0, 1) == 'map' || query.get_equipped_item_name('off_hand') == 'map')"
															},
															{
																"first_person_crossbow_equipped": "query.get_equipped_item_name == 'crossbow' && (variable.item_use_normalized > 0 && variable.item_use_normalized < 1.0)"
															}
														],
														"is_minified": true,
														"children": {
															"first_person_attack_controller": "variable.attack_time > 0.0f && query.get_equipped_item_name != 'map' && query.get_equipped_item_name != 'diamond_sword'"
														}
													},
													{
														"data": "first_person_base_pose"
													},
													{
														"open": [
															"first_person_swap_item",
															{
																"first_person_attack_controller": "variable.attack_time > 0.0f && query.get_equipped_item_name != 'map' && query.get_equipped_item_name != 'diamond_sword'"
															},
															"first_person_base_pose",
															{
																"first_person_empty_hand": "query.get_equipped_item_name(0, 1) != 'map'"
															},
															{
																"first_person_walk": "!variable.bob_animation"
															},
															{
																"first_person_map_controller": "(query.get_equipped_item_name(0, 1) == 'map' || query.get_equipped_item_name('off_hand') == 'map')"
															},
															{
																"first_person_crossbow_equipped": "query.get_equipped_item_name == 'crossbow' && (variable.item_use_normalized > 0 && variable.item_use_normalized < 1.0)"
															}
														],
														"is_minified": true,
														"children": {
															"first_person_empty_hand": "query.get_equipped_item_name(0, 1) != 'map'"
														}
													},
													{
														"open": [
															"first_person_swap_item",
															{
																"first_person_attack_controller": "variable.attack_time > 0.0f && query.get_equipped_item_name != 'map' && query.get_equipped_item_name != 'diamond_sword'"
															},
															"first_person_base_pose",
															{
																"first_person_empty_hand": "query.get_equipped_item_name(0, 1) != 'map'"
															},
															{
																"first_person_walk": "!variable.bob_animation"
															},
															{
																"first_person_map_controller": "(query.get_equipped_item_name(0, 1) == 'map' || query.get_equipped_item_name('off_hand') == 'map')"
															},
															{
																"first_person_crossbow_equipped": "query.get_equipped_item_name == 'crossbow' && (variable.item_use_normalized > 0 && variable.item_use_normalized < 1.0)"
															}
														],
														"is_minified": true,
														"children": {
															"first_person_walk": "!variable.bob_animation"
														}
													},
													{
														"open": [
															"first_person_swap_item",
															{
																"first_person_attack_controller": "variable.attack_time > 0.0f && query.get_equipped_item_name != 'map' && query.get_equipped_item_name != 'diamond_sword'"
															},
															"first_person_base_pose",
															{
																"first_person_empty_hand": "query.get_equipped_item_name(0, 1) != 'map'"
															},
															{
																"first_person_walk": "!variable.bob_animation"
															},
															{
																"first_person_map_controller": "(query.get_equipped_item_name(0, 1) == 'map' || query.get_equipped_item_name('off_hand') == 'map')"
															},
															{
																"first_person_crossbow_equipped": "query.get_equipped_item_name == 'crossbow' && (variable.item_use_normalized > 0 && variable.item_use_normalized < 1.0)"
															}
														],
														"is_minified": true,
														"children": {
															"first_person_map_controller": "(query.get_equipped_item_name(0, 1) == 'map' || query.get_equipped_item_name('off_hand') == 'map')"
														}
													},
													{
														"open": [
															"first_person_swap_item",
															{
																"first_person_attack_controller": "variable.attack_time > 0.0f && query.get_equipped_item_name != 'map' && query.get_equipped_item_name != 'diamond_sword'"
															},
															"first_person_base_pose",
															{
																"first_person_empty_hand": "query.get_equipped_item_name(0, 1) != 'map'"
															},
															{
																"first_person_walk": "!variable.bob_animation"
															},
															{
																"first_person_map_controller": "(query.get_equipped_item_name(0, 1) == 'map' || query.get_equipped_item_name('off_hand') == 'map')"
															},
															{
																"first_person_crossbow_equipped": "query.get_equipped_item_name == 'crossbow' && (variable.item_use_normalized > 0 && variable.item_use_normalized < 1.0)"
															}
														],
														"is_minified": true,
														"children": {
															"first_person_crossbow_equipped": "query.get_equipped_item_name == 'crossbow' && (variable.item_use_normalized > 0 && variable.item_use_normalized < 1.0)"
														}
													}
												]
											},
											{
												"open": {
													"animations": [
														"first_person_swap_item",
														{
															"first_person_attack_controller": "variable.attack_time > 0.0f && query.get_equipped_item_name != 'map' && query.get_equipped_item_name != 'diamond_sword'"
														},
														"first_person_base_pose",
														{
															"first_person_empty_hand": "query.get_equipped_item_name(0, 1) != 'map'"
														},
														{
															"first_person_walk": "!variable.bob_animation"
														},
														{
															"first_person_map_controller": "(query.get_equipped_item_name(0, 1) == 'map' || query.get_equipped_item_name('off_hand') == 'map')"
														},
														{
															"first_person_crossbow_equipped": "query.get_equipped_item_name == 'crossbow' && (variable.item_use_normalized > 0 && variable.item_use_normalized < 1.0)"
														}
													],
													"transitions": [
														{
															"paperdoll": "variable.is_paperdoll"
														},
														{
															"map_player": "variable.map_face_icon"
														},
														{
															"third_person": "!variable.is_first_person"
														}
													]
												},
												"key": "transitions",
												"is_minified": true,
												"children": [
													{
														"paperdoll": "variable.is_paperdoll"
													},
													{
														"map_player": "variable.map_face_icon"
													},
													{
														"third_person": "!variable.is_first_person"
													}
												]
											}
										]
									},
									{
										"key": "map_player",
										"is_minified": true,
										"children": {
											"transitions": [
												{
													"paperdoll": "variable.is_paperdoll"
												},
												{
													"first_person": "variable.is_first_person"
												},
												{
													"third_person": "!variable.map_face_icon && !variable.is_first_person"
												}
											]
										}
									},
									{
										"key": "paperdoll",
										"is_minified": true,
										"children": {
											"animations": [
												"humanoid_base_pose",
												{
													"look_at_target_ui": "variable.should_look_at_target_ui"
												},
												"move.arms",
												"move.legs",
												"cape"
											],
											"transitions": [
												{
													"first_person": "!variable.is_paperdoll && variable.is_first_person"
												},
												{
													"map_player": "variable.map_face_icon"
												},
												{
													"third_person": "!variable.is_paperdoll && !variable.is_first_person"
												}
											]
										}
									},
									{
										"key": "third_person",
										"is_minified": true,
										"children": {
											"animations": [
												"humanoid_base_pose",
												{
													"look_at_target": "!query.is_sleeping && !query.is_emoting"
												},
												"move.arms",
												"move.legs",
												"cape",
												{
													"riding.arms": "query.is_riding"
												},
												{
													"riding.legs": "query.is_riding"
												},
												"holding",
												{
													"brandish_spear": "variable.is_brandishing_spear"
												},
												{
													"charging": "query.is_charging"
												},
												{
													"sneaking": "query.is_sneaking && !query.is_sleeping"
												},
												"bob",
												{
													"damage_nearby_mobs": "variable.damage_nearby_mobs"
												},
												{
													"bow_and_arrow": "query.has_target"
												},
												{
													"swimming": "variable.swim_amount > 0.0"
												},
												{
													"swimming.legs": "variable.swim_amount > 0.0"
												},
												{
													"use_item_progress": "( variable.use_item_interval_progress > 0.0 ) || ( variable.use_item_startup_progress > 0.0 ) && !variable.is_brandishing_spear"
												},
												{
													"fishing_rod": "query.get_equipped_item_name == 'fishing_rod'"
												},
												{
													"sleeping": "query.is_sleeping && query.is_alive"
												},
												{
													"attack.positions": "variable.attack_time >= 0.0"
												},
												{
													"attack.rotations": "variable.attack_time >= 0.0"
												},
												{
													"shield_block_main_hand": "query.blocking && query.get_equipped_item_name('off_hand') != 'shield' && query.get_equipped_item_name == 'shield'"
												},
												{
													"shield_block_off_hand": "query.blocking && query.get_equipped_item_name('off_hand') == 'shield' && !(variable.item_use_normalized > 0 && variable.item_use_normalized < 1.0)"
												},
												{
													"crossbow_controller": "query.get_equipped_item_name == 'crossbow'"
												},
												{
													"third_person_bow_equipped": "query.get_equipped_item_name == 'bow' && (variable.item_use_normalized > 0 && variable.item_use_normalized < 1.0)"
												}
											],
											"transitions": [
												{
													"paperdoll": "variable.is_paperdoll"
												},
												{
													"first_person": "variable.is_first_person"
												},
												{
													"map_player": "variable.map_face_icon"
												}
											]
										}
									}
								]
							}
						]
					}
				]
			}
		]
	}
}