{
	"file_path": "C:\\Users\\leegm\\AppData\\Local\\Packages\\Microsoft.MinecraftUWP_8wekyb3d8bbwe\\LocalState\\games\\com.mojang\\development_behavior_packs\\minyee's test pack/animation_controllers/alive.json",
	"file_type": "animation_controller",
	"format_version": 1,
	"file_uuid": "cf9b9f7d_76e7_48c1_b60d_35d9b9a6d5af",
	"file_version": 0,
	"cache_content": {
		"children": [
			{
				"data": "1.10.0",
				"key": "format_version"
			},
			{
				"open": {
					"format_version": "1.10.0",
					"animation_controllers": {
						"controller.animation.alive": {
							"initial_state": "default",
							"states": {
								"default": {
									"on_entry": [
										"/tag @s remove alive"
									],
									"transitions": [
										{
											"alive": "query.is_alive"
										}
									]
								},
								"alive": {
									"transitions": [
										{
											"default": "!(query.is_alive)"
										}
									],
									"on_entry": [
										"/tag @s add alive"
									]
								}
							}
						}
					}
				},
				"key": "animation_controllers",
				"children": [
					{
						"open": {
							"controller.animation.alive": {
								"initial_state": "default",
								"states": {
									"default": {
										"on_entry": [
											"/tag @s remove alive"
										],
										"transitions": [
											{
												"alive": "query.is_alive"
											}
										]
									},
									"alive": {
										"transitions": [
											{
												"default": "!(query.is_alive)"
											}
										],
										"on_entry": [
											"/tag @s add alive"
										]
									}
								}
							}
						},
						"key": "controller.animation.alive",
						"children": [
							{
								"data": "default",
								"key": "initial_state"
							},
							{
								"open": {
									"initial_state": "default",
									"states": {
										"default": {
											"on_entry": [
												"/tag @s remove alive"
											],
											"transitions": [
												{
													"alive": "query.is_alive"
												}
											]
										},
										"alive": {
											"transitions": [
												{
													"default": "!(query.is_alive)"
												}
											],
											"on_entry": [
												"/tag @s add alive"
											]
										}
									}
								},
								"key": "states",
								"children": [
									{
										"open": {
											"default": {
												"on_entry": [
													"/tag @s remove alive"
												],
												"transitions": [
													{
														"alive": "query.is_alive"
													}
												]
											},
											"alive": {
												"transitions": [
													{
														"default": "!(query.is_alive)"
													}
												],
												"on_entry": [
													"/tag @s add alive"
												]
											}
										},
										"key": "default",
										"children": [
											{
												"open": {
													"on_entry": [
														"/tag @s remove alive"
													],
													"transitions": [
														{
															"alive": "query.is_alive"
														}
													]
												},
												"key": "on_entry",
												"is_minified": true,
												"children": [
													"/tag @s remove alive"
												]
											},
											{
												"open": {
													"on_entry": [
														"/tag @s remove alive"
													],
													"transitions": [
														{
															"alive": "query.is_alive"
														}
													]
												},
												"key": "transitions",
												"children": [
													{
														"open": [
															{
																"alive": "query.is_alive"
															}
														],
														"is_minified": true,
														"children": {
															"alive": "query.is_alive"
														}
													}
												]
											}
										]
									},
									{
										"open": {
											"default": {
												"on_entry": [
													"/tag @s remove alive"
												],
												"transitions": [
													{
														"alive": "query.is_alive"
													}
												]
											},
											"alive": {
												"transitions": [
													{
														"default": "!(query.is_alive)"
													}
												],
												"on_entry": [
													"/tag @s add alive"
												]
											}
										},
										"key": "alive",
										"children": [
											{
												"open": {
													"transitions": [
														{
															"default": "!(query.is_alive)"
														}
													],
													"on_entry": [
														"/tag @s add alive"
													]
												},
												"key": "transitions",
												"children": [
													{
														"open": [
															{
																"default": "!(query.is_alive)"
															}
														],
														"is_minified": true,
														"children": {
															"default": "!(query.is_alive)"
														}
													}
												]
											},
											{
												"open": {
													"transitions": [
														{
															"default": "!(query.is_alive)"
														}
													],
													"on_entry": [
														"/tag @s add alive"
													]
												},
												"key": "on_entry",
												"is_minified": true,
												"children": [
													"/tag @s add alive"
												]
											}
										]
									}
								]
							}
						]
					}
				]
			}
		]
	}
}