{
	"file_path": "C:\\Users\\leegm\\AppData\\Local\\Packages\\Microsoft.MinecraftUWP_8wekyb3d8bbwe\\LocalState\\games\\com.mojang\\development_behavior_packs\\minyee's test pack/animation_controllers/always.json",
	"file_type": "animation_controller",
	"format_version": 1,
	"file_uuid": "f40a0fe0_f5db_4ba8_985a_ded0b931c984",
	"file_version": 0,
	"cache_content": {
		"children": [
			{
				"data": "1.10.0",
				"key": "format_version"
			},
			{
				"open": {
					"format_version": "1.10.0",
					"animation_controllers": {
						"controller.animation.always": {
							"initial_state": "default",
							"states": {
								"default": {
									"on_entry": [
										"/function always"
									],
									"transitions": [
										{
											"always": "(1.0)"
										}
									]
								},
								"always": {
									"transitions": [
										{
											"default": "(1.0)"
										}
									],
									"on_entry": [
										"/function always"
									]
								}
							}
						}
					}
				},
				"key": "animation_controllers",
				"children": [
					{
						"open": {
							"controller.animation.always": {
								"initial_state": "default",
								"states": {
									"default": {
										"on_entry": [
											"/function always"
										],
										"transitions": [
											{
												"always": "(1.0)"
											}
										]
									},
									"always": {
										"transitions": [
											{
												"default": "(1.0)"
											}
										],
										"on_entry": [
											"/function always"
										]
									}
								}
							}
						},
						"key": "controller.animation.always",
						"children": [
							{
								"open": {
									"initial_state": "default",
									"states": {
										"default": {
											"on_entry": [
												"/function always"
											],
											"transitions": [
												{
													"always": "(1.0)"
												}
											]
										},
										"always": {
											"transitions": [
												{
													"default": "(1.0)"
												}
											],
											"on_entry": [
												"/function always"
											]
										}
									}
								},
								"data": "default",
								"key": "initial_state"
							},
							{
								"open": {
									"initial_state": "default",
									"states": {
										"default": {
											"on_entry": [
												"/function always"
											],
											"transitions": [
												{
													"always": "(1.0)"
												}
											]
										},
										"always": {
											"transitions": [
												{
													"default": "(1.0)"
												}
											],
											"on_entry": [
												"/function always"
											]
										}
									}
								},
								"key": "states",
								"children": [
									{
										"open": {
											"default": {
												"on_entry": [
													"/function always"
												],
												"transitions": [
													{
														"always": "(1.0)"
													}
												]
											},
											"always": {
												"transitions": [
													{
														"default": "(1.0)"
													}
												],
												"on_entry": [
													"/function always"
												]
											}
										},
										"key": "default",
										"children": [
											{
												"open": {
													"on_entry": [
														"/function always"
													],
													"transitions": [
														{
															"always": "(1.0)"
														}
													]
												},
												"key": "on_entry",
												"is_minified": true,
												"children": [
													"/function always"
												]
											},
											{
												"open": {
													"on_entry": [
														"/function always"
													],
													"transitions": [
														{
															"always": "(1.0)"
														}
													]
												},
												"key": "transitions",
												"children": [
													{
														"open": [
															{
																"always": "(1.0)"
															}
														],
														"is_minified": true,
														"children": {
															"always": "(1.0)"
														}
													}
												]
											}
										]
									},
									{
										"open": {
											"default": {
												"on_entry": [
													"/function always"
												],
												"transitions": [
													{
														"always": "(1.0)"
													}
												]
											},
											"always": {
												"transitions": [
													{
														"default": "(1.0)"
													}
												],
												"on_entry": [
													"/function always"
												]
											}
										},
										"key": "always",
										"children": [
											{
												"open": {
													"transitions": [
														{
															"default": "(1.0)"
														}
													],
													"on_entry": [
														"/function always"
													]
												},
												"key": "transitions",
												"children": [
													{
														"open": [
															{
																"default": "(1.0)"
															}
														],
														"is_minified": true,
														"children": {
															"default": "(1.0)"
														}
													}
												]
											},
											{
												"open": {
													"transitions": [
														{
															"default": "(1.0)"
														}
													],
													"on_entry": [
														"/function always"
													]
												},
												"key": "on_entry",
												"is_minified": true,
												"children": [
													"/function always"
												]
											}
										]
									}
								]
							}
						]
					}
				]
			}
		]
	}
}