{
	"file_path": "C:\\Users\\leegm\\AppData\\Local\\Packages\\Microsoft.MinecraftUWP_8wekyb3d8bbwe\\LocalState\\games\\com.mojang\\development_behavior_packs\\minyee's test pack\\animation_controllers\\rec.json",
	"file_type": "animation_controller",
	"format_version": 1,
	"file_uuid": "a48997dd_faf8_4a72_8746_4a88520271fb",
	"file_version": 19,
	"cache_content": {
		"children": [
			{
				"data": "1.10.0",
				"key": "format_version"
			},
			{
				"open": {
					"format_version": "1.10.0",
					"animation_controllers": {
						"controller.animation.blank": {
							"initial_state": "default",
							"states": {
								"default": {
									"transitions": [
										{
											"res": "query.health < 2"
										}
									]
								},
								"res": {
									"transitions": [
										{
											"default": "query.health > 2"
										}
									],
									"on_entry": [
										"/effect @s instant_health 1 255 true",
										"/tag @s remove reset",
										"/function ek"
									]
								}
							}
						}
					}
				},
				"key": "animation_controllers",
				"children": [
					{
						"open": {
							"controller.animation.blank": {
								"initial_state": "default",
								"states": {
									"default": {
										"transitions": [
											{
												"res": "query.health < 2"
											}
										]
									},
									"res": {
										"transitions": [
											{
												"default": "query.health > 2"
											}
										],
										"on_entry": [
											"/effect @s instant_health 1 255 true",
											"/tag @s remove reset",
											"/function ek"
										]
									}
								}
							}
						},
						"key": "controller.animation.blank",
						"children": [
							{
								"data": "default",
								"key": "initial_state"
							},
							{
								"open": {
									"initial_state": "default",
									"states": {
										"default": {
											"transitions": [
												{
													"res": "query.health < 2"
												}
											]
										},
										"res": {
											"transitions": [
												{
													"default": "query.health > 2"
												}
											],
											"on_entry": [
												"/effect @s instant_health 1 255 true",
												"/tag @s remove reset",
												"/function ek"
											]
										}
									}
								},
								"key": "states",
								"children": [
									{
										"open": {
											"default": {
												"transitions": [
													{
														"res": "query.health < 2"
													}
												]
											},
											"res": {
												"transitions": [
													{
														"default": "query.health > 2"
													}
												],
												"on_entry": [
													"/effect @s instant_health 1 255 true",
													"/tag @s remove reset",
													"/function ek"
												]
											}
										},
										"key": "default",
										"children": [
											{
												"open": {
													"transitions": [
														{
															"res": "query.health < 2"
														}
													]
												},
												"key": "transitions",
												"children": [
													{
														"open": [
															{
																"res": "query.health < 2"
															}
														],
														"is_minified": true,
														"children": {
															"res": "query.health < 2"
														}
													}
												]
											}
										]
									},
									{
										"open": {
											"default": {
												"transitions": [
													{
														"res": "query.health < 2"
													}
												]
											},
											"res": {
												"transitions": [
													{
														"default": "query.health > 2"
													}
												],
												"on_entry": [
													"/effect @s instant_health 1 255 true",
													"/tag @s remove reset",
													"/function ek"
												]
											}
										},
										"key": "res",
										"children": [
											{
												"open": {
													"transitions": [
														{
															"default": "query.health > 2"
														}
													],
													"on_entry": [
														"/effect @s instant_health 1 255 true",
														"/tag @s remove reset",
														"/function ek"
													]
												},
												"key": "transitions",
												"children": [
													{
														"open": [
															{
																"default": "query.health > 2"
															}
														],
														"is_minified": true,
														"children": {
															"default": "query.health > 2"
														}
													}
												]
											},
											{
												"open": {
													"transitions": [
														{
															"default": "query.health > 2"
														}
													],
													"on_entry": [
														"/effect @s instant_health 1 255 true",
														"/tag @s remove reset",
														"/function ek"
													]
												},
												"key": "on_entry",
												"is_minified": true,
												"children": [
													"/effect @s instant_health 1 255 true",
													"/tag @s remove reset",
													"/function ek"
												]
											}
										]
									}
								]
							}
						]
					}
				]
			}
		]
	}
}