{
	"file_path": "C:\\Users\\leegm\\AppData\\Local\\Packages\\Microsoft.MinecraftUWP_8wekyb3d8bbwe\\LocalState\\games\\com.mojang\\development_resource_packs\\help other player\\ui\\debug_screen.json",
	"file_type": "unknown",
	"format_version": 1,
	"file_uuid": "9e67aa5d_1076_42df_9ed4_3b2dbfb236ff",
	"file_version": 14,
	"cache_content": {
		"children": [
			{
				"data": "debug_screen",
				"key": "namespace"
			},
			{
				"key": "access_button@common_buttons.light_content_button",
				"is_minified": true,
				"children": {
					"$pressed_button_name": "button.access",
					"size": [
						20,
						20
					],
					"offset": [
						20,
						20
					],
					"anchor_to": "top_left",
					"anchor_from": "top_left",
					"bindings": [
						{
							"binding_name": "#access_screen_visible",
							"binding_name_override": "#visible"
						}
					]
				}
			},
			{
				"open": {
					"namespace": "debug_screen",
					"access_button@common_buttons.light_content_button": {
						"$pressed_button_name": "button.access",
						"size": [
							20,
							20
						],
						"offset": [
							20,
							20
						],
						"anchor_to": "top_left",
						"anchor_from": "top_left",
						"bindings": [
							{
								"binding_name": "#access_screen_visible",
								"binding_name_override": "#visible"
							}
						]
					},
					"pack_info": {
						"type": "label",
						"text": " §o민이님이심",
						"color": [
							1,
							1,
							1
						],
						"shadow": true,
						"font_size": "medium",
						"visible": "$pack_info_debug",
						"anchor_from": "bottom_right",
						"anchor_to": "bottom_right",
						"alpha": 10
					},
					"special_render": {
						"type": "label",
						"text": {},
						"color": [
							1,
							1,
							1
						],
						"shadow": true,
						"font_size": "medium",
						"visible": "$pack_info_debug",
						"text_alignment": "center",
						"anchor_from": "top_middle",
						"anchor_to": "top_middle",
						"alpha": 10
					},
					"debug_global_screen_panel": {
						"type": "panel",
						"clips_children": false,
						"size": [
							"100%",
							"100%"
						],
						"controls": [
							{
								"access_button@debug_screen.access_button": {}
							},
							{
								"special_render@debug_screen.special_render": {}
							},
							{
								"FPS_desktop@debug_screen.FPS_desktop": {}
							},
							{
								"pack_info@debug_screen.pack_info": {}
							}
						]
					},
					"debug_screen@common.base_screen": {
						"send_telemetry": false,
						"screen_not_flushable": true,
						"render_game_behind": true,
						"is_showing_menu": false,
						"low_frequency_rendering": true,
						"is_modal": true,
						"should_steal_mouse": false,
						"render_only_when_topmost": false,
						"screen_draws_last": true,
						"always_accepts_input": true,
						"$screen_content": "debug_screen.debug_global_screen_panel",
						"$screen_animations": {},
						"$use_loading_bars": true
					}
				},
				"key": "pack_info",
				"is_minified": true,
				"children": {
					"type": "label",
					"text": " §o민이님이심",
					"color": [
						1,
						1,
						1
					],
					"shadow": true,
					"font_size": "medium",
					"visible": "$pack_info_debug",
					"anchor_from": "bottom_right",
					"anchor_to": "bottom_right",
					"alpha": 10
				}
			},
			{
				"key": "special_render",
				"is_minified": true,
				"children": {
					"type": "label",
					"text": {},
					"color": [
						1,
						1,
						1
					],
					"shadow": true,
					"font_size": "medium",
					"visible": "$pack_info_debug",
					"text_alignment": "center",
					"anchor_from": "top_middle",
					"anchor_to": "top_middle",
					"alpha": 10
				}
			},
			{
				"key": "debug_global_screen_panel",
				"is_minified": true,
				"children": {
					"type": "panel",
					"clips_children": false,
					"size": [
						"100%",
						"100%"
					],
					"controls": [
						{
							"access_button@debug_screen.access_button": {}
						},
						{
							"special_render@debug_screen.special_render": {}
						},
						{
							"FPS_desktop@debug_screen.FPS_desktop": {}
						},
						{
							"pack_info@debug_screen.pack_info": {}
						}
					]
				}
			},
			{
				"key": "debug_screen@common.base_screen",
				"is_minified": true,
				"children": {
					"send_telemetry": false,
					"screen_not_flushable": true,
					"render_game_behind": true,
					"is_showing_menu": false,
					"low_frequency_rendering": true,
					"is_modal": true,
					"should_steal_mouse": false,
					"render_only_when_topmost": false,
					"screen_draws_last": true,
					"always_accepts_input": true,
					"$screen_content": "debug_screen.debug_global_screen_panel",
					"$screen_animations": {},
					"$use_loading_bars": true
				}
			}
		]
	}
}