{
	"format_version": "1.8.0",
	"animations": {
		"animation.humanoid.die": {
			"loop": true,
			"bones": {
				"body": {
					"rotation": [-90, 0, 0],
					"position": [0, -22, 0]
				},
				"rightArm": {
					"rotation": [0, 0, 50]
				},
				"leftArm": {
					"rotation": [0, 0, -115]
				},
				"rightLeg": {
					"rotation": [-80, 15, 0],
					"position": [0, -10, -12]
				},
				"leftLeg": {
					"rotation": [-85, -10, 0],
					"position": [0, -10, -12]
				}
			}
		},
		"animation.humanoid.healing": {
			"loop": true,
			"bones": {
				"head": {
					"rotation": [20, 0, 0]
				},
				"leftLeg": {
					"rotation": [-15, 0, 0],
					"position": [0, 1, -4]
				},
				"rightLeg": {
					"rotation": [45, 0, 0],
					"position": [0, -3, 0]
				},
				"leftArm": {
					"rotation": [-50, 35, 0],
					"position": [0, 0, 0]
				},
				"rightArm": {
					"rotation": [-55, -15, 0],
					"position": [0, 0, -3]
				},
				"body": {
					"position": [0, -3, 0]
				}
			}
		},
		"animation.humanoid.sword": {
			"animation_length": 1.72,
			"bones": {
				"leftLeg": {
					"rotation": {
						"0.0": [0, 0, 0],
						"0.1667": [45, 0, 0]
					},
					"position": {
						"0.0": [0, 0, 0],
						"0.1667": [0, -2, 0]
					}
				},
				"rightLeg": {
					"rotation": {
						"0.0": [0, 0, 0],
						"0.1667": [-10, 0, 0]
					},
					"position": {
						"0.0": [0, 0, 0],
						"0.1667": [0, 0, -4]
					}
				},
				"body": {
					"position": {
						"0.0": [0, 0, 0],
						"0.1667": [0, -2, 0]
					}
				},
				"rightArm": {
					"rotation": {
						"0.0": [-65, 0, 0],
						"0.1667": [-85, 0, 0]
					},
					"position": {
						"0.0": [0, 0, 3],
						"0.1667": [0, -1, -1]
					}
				}
			}
		}
	}
}